koi_id,planet_designation,p_orb_days,a_AU,r_pl_earth,teff,r_star_rsol,insolation_flux_F_E
Kepler-882,b,3.99,0.05,1.23,5476,0.87,270.25
Kepler-884,b,5.70,0.06,1.23,5715,0.94,216.86
Kepler-886,b,6.24,0.07,1.52,6098,1.16,355.87
Kepler-887,b,20.42,0.15,1.84,6194,1.29,91.52
Kepler-887,c,7.64,0.08,1.13,6194,1.29,339.60
Kepler-888,b,70.70,0.33,1.76,5875,0.90,7.89
Kepler-889,b,3.74,0.05,1.09,5961,1.25,728.20
Kepler-304,e,1.50,0.02,1.20,4731,0.69,377.80
Kepler-895,b,2.81,0.03,1.54,4315,0.61,101.72
Kepler-231,c,19.27,0.11,1.93,3767,0.49,3.34
Kepler-236,b,8.30,0.06,1.57,3750,0.51,10.92
Kepler-237,b,4.72,0.05,1.41,4861,0.72,103.88
K2-5,b,5.74,0.05,1.91,3930,0.57,24.57
Kepler-140,c,91.35,0.41,1.80,6077,1.29,11.88
Kepler-141,b,3.11,0.04,0.69,4910,0.79,213.97
Kepler-141,c,7.01,0.07,1.41,4910,0.79,72.50
Kepler-144,b,5.89,0.07,1.33,6075,1.24,431.36
Kepler-144,c,10.10,0.09,1.35,6075,1.24,212.65
Kepler-147,b,12.61,0.11,1.53,6012,1.47,198.36
Kepler-148,b,1.73,0.03,1.80,5272,0.85,638.74
Kepler-149,c,55.33,0.28,1.61,5381,0.95,8.60
Kepler-150,b,3.43,0.04,1.25,5560,0.94,391.33
Kepler-898,b,5.87,0.06,1.49,4223,0.62,36.03
Kepler-901,b,3.52,0.04,1.37,4184,0.57,61.97
Kepler-904,b,3.02,0.04,1.77,6160,1.25,1092.57
Kepler-905,b,5.08,0.06,1.41,5461,0.86,182.42
Kepler-907,b,15.87,0.13,1.20,6106,1.38,147.73
Kepler-908,b,1.34,0.02,1.22,5973,1.12,2359.75
Kepler-909,b,13.93,0.12,1.47,6154,1.23,136.52
Kepler-910,b,2.36,0.04,0.82,6230,1.50,2160.43
Kepler-914,b,4.41,0.05,1.38,5877,1.15,479.54
Kepler-915,b,4.59,0.06,1.50,6173,1.38,746.66
Kepler-916,b,32.30,0.19,1.76,5248,0.81,12.63
Kepler-918,b,4.85,0.06,1.74,6028,1.14,456.15
Kepler-922,b,0.94,0.02,1.42,5671,0.93,2359.59
Kepler-923,b,6.93,0.07,1.38,5988,1.26,337.27
Kepler-1114,b,14.97,0.11,1.35,5374,0.83,40.01
Kepler-1115,b,23.55,0.19,1.70,8480,1.73,392.45
Kepler-1117,b,4.79,0.05,1.11,5612,0.93,257.48
Kepler-1119,b,8.33,0.08,1.92,6083,1.17,242.63
Kepler-1120,b,2.95,0.04,1.38,4904,0.74,207.00
Kepler-1121,b,13.15,0.12,1.91,6231,1.59,242.63
Kepler-1123,b,4.34,0.05,1.67,5500,0.90,257.42
Kepler-1124,b,2.85,0.03,1.28,3658,0.34,24.13
Kepler-1125,b,17.67,0.13,1.84,5683,0.94,48.53
Kepler-1126,b,108.59,0.43,1.73,5798,0.93,4.67
Kepler-1127,b,5.12,0.06,1.96,5664,0.95,251.36
Kepler-157,b,1.73,0.03,1.32,5774,1.04,1375.80
Kepler-158,c,28.55,0.16,1.90,4623,0.62,6.31
Kepler-160,b,4.31,0.05,1.54,5857,0.88,327.06
Kepler-162,b,6.92,0.07,1.26,5816,0.96,198.72
Kepler-163,b,7.81,0.08,1.05,5776,0.92,138.93
Kepler-164,b,5.04,0.06,1.41,5888,1.15,423.94
Kepler-167,b,4.39,0.05,1.62,4890,0.73,117.19
Kepler-167,c,7.41,0.07,1.55,4890,0.73,58.43
Kepler-927,b,9.11,0.09,1.72,5743,0.99,132.03
Kepler-928,b,3.93,0.04,1.59,4700,0.70,111.28
Kepler-929,b,0.92,0.02,1.11,5869,1.02,3204.90
Kepler-931,b,8.04,0.07,1.33,5241,0.81,79.63
Kepler-932,b,1.92,0.03,1.37,5331,0.84,613.13
Kepler-936,b,10.56,0.09,1.45,5482,0.89,76.44
Kepler-939,b,14.88,0.11,1.75,5471,0.85,45.11
Kepler-946,b,11.79,0.10,1.93,5665,0.93,81.01
Kepler-948,b,7.77,0.08,1.85,5679,0.94,143.77
Kepler-167,d,21.80,0.14,1.19,4890,0.73,13.85
Kepler-1130,b,5.45,0.06,0.80,5403,0.81,146.37
Kepler-1131,b,3.53,0.05,1.59,5851,1.04,541.11
Kepler-1133,b,11.56,0.10,1.97,5569,0.90,73.31
Kepler-1135,b,76.96,0.35,1.85,5656,0.94,6.65
Kepler-1136,b,2.36,0.03,1.64,4512,0.68,177.65
Kepler-1138,b,3.17,0.04,1.70,5582,0.92,427.57
Kepler-1139,b,0.81,0.02,1.19,5550,0.91,2526.60
Kepler-1141,b,2.34,0.03,0.82,5791,1.07,961.84
Kepler-1142,b,18.30,0.13,1.47,5685,0.96,47.70
Kepler-1143,b,2.89,0.04,1.67,5053,0.77,253.21
Kepler-1145,b,3.97,0.05,1.40,5064,0.75,161.23
Kepler-1146,b,2.35,0.03,1.23,4692,0.70,217.32
Kepler-1148,b,1.10,0.02,1.69,5054,0.77,913.28
Kepler-1150,b,2.79,0.04,1.02,4754,0.72,189.79
Kepler-1152,b,1.65,0.02,0.87,3964,0.53,124.43
Kepler-1156,b,11.90,0.10,1.32,5778,1.00,96.14
Kepler-168,b,4.43,0.06,1.46,6282,1.11,548.98
Kepler-169,b,3.25,0.04,1.13,4997,0.76,201.95
Kepler-169,c,6.20,0.06,1.21,4997,0.76,84.06
Kepler-169,d,8.35,0.08,1.25,4997,0.76,57.44
Kepler-171,d,39.60,0.22,1.89,5642,0.84,12.90
Kepler-173,b,4.26,0.05,1.29,6031,0.95,464.97
Kepler-174,c,44.00,0.21,1.49,4880,0.62,4.27
Kepler-176,b,5.43,0.06,1.43,5232,0.89,158.30
Kepler-179,b,2.74,0.04,1.64,5302,0.76,315.99
Kepler-20,b,3.70,0.05,1.87,5495,0.96,351.68
Kepler-20,f,19.58,0.14,1.00,5495,0.96,38.68
Kepler-21,b,2.79,0.04,1.64,6305,1.90,2805.08
Kepler-23,b,7.11,0.08,1.90,5828,1.55,442.10
Kepler-953,c,9.11,0.08,1.19,5416,0.99,107.42
Kepler-1275,b,3.66,0.05,1.48,6296,1.36,1052.41
Kepler-1276,b,12.57,0.11,1.19,6188,1.21,157.60
Kepler-1277,b,40.84,0.23,1.60,5578,0.92,14.22
Kepler-1278,b,3.24,0.04,1.01,6074,1.16,834.80
Kepler-1279,b,23.48,0.17,1.75,6221,1.33,81.29
Kepler-1280,b,66.56,0.34,1.87,6227,1.32,20.14
Kepler-1281,b,3.12,0.04,1.64,5353,0.83,319.40
Kepler-1282,b,2.13,0.03,1.55,5504,0.89,655.95
Kepler-1283,b,12.95,0.11,1.91,6175,1.25,158.54
Kepler-1284,b,0.66,0.01,1.21,5123,0.79,1952.01
Kepler-1285,b,14.80,0.13,0.97,6170,1.28,135.57
Kepler-1287,b,11.48,0.10,1.54,5715,0.94,87.63
Kepler-1288,b,2.76,0.04,1.12,6132,1.29,1259.71
Kepler-1289,b,7.99,0.08,1.52,6080,1.17,257.39
Kepler-1290,b,4.70,0.05,1.42,5660,0.93,273.64
Kepler-1291,b,8.63,0.08,1.66,5216,0.80,70.40
Kepler-1292,b,3.28,0.04,1.82,5556,0.93,410.45
Kepler-1293,b,5.58,0.07,0.97,6241,1.28,527.19
Kepler-1295,b,3.81,0.05,1.55,5486,0.89,298.14
Kepler-1296,b,8.38,0.08,0.91,5359,0.83,85.73
Kepler-1297,b,1.68,0.03,0.97,5818,0.99,1323.78
Kepler-1163,b,6.12,0.07,1.03,6302,1.35,527.00
Kepler-1164,b,3.98,0.05,1.12,5183,0.79,186.63
Kepler-1165,b,9.48,0.09,1.55,6080,1.18,204.78
Kepler-1167,b,1.00,0.02,1.71,4971,0.75,936.44
Kepler-1169,b,6.11,0.07,0.94,6191,1.23,403.75
Kepler-1173,b,0.77,0.02,0.89,5252,0.82,1877.83
Kepler-1174,b,6.89,0.07,1.59,5936,1.04,233.60
Kepler-1177,b,106.25,0.44,1.90,5712,0.97,4.72
Kepler-1178,b,31.81,0.18,1.07,4990,0.75,9.41
Kepler-1179,b,2.69,0.04,1.32,5212,0.81,341.30
Kepler-1181,b,4.89,0.06,1.57,6176,1.30,624.29
Kepler-1189,b,3.79,0.05,1.77,6012,1.16,650.25
Kepler-1190,b,10.46,0.09,1.33,4730,0.72,31.91
Kepler-180,b,13.82,0.11,1.50,5731,1.06,91.53
Kepler-181,b,3.14,0.04,1.27,5333,0.75,255.15
Kepler-181,c,4.30,0.05,1.99,5333,0.75,170.03
Kepler-184,c,20.30,0.14,1.97,5788,0.87,38.34
Kepler-185,b,1.63,0.03,1.17,5208,0.81,640.63
Kepler-186,c,7.27,0.05,1.25,3755,0.52,23.71
Kepler-186,d,13.34,0.08,1.40,3755,0.52,7.91
Kepler-186,e,22.41,0.11,1.27,3755,0.52,3.99
Kepler-187,b,4.94,0.06,1.41,6105,1.29,595.82
Kepler-188,b,2.06,0.03,1.68,6021,1.14,1496.52
Kepler-189,b,10.40,0.09,1.21,5235,0.75,48.95
Kepler-190,b,2.02,0.03,1.56,5106,0.80,433.67
Kepler-190,c,3.76,0.05,1.46,5106,0.80,192.74
Kepler-191,c,17.74,0.13,1.86,5282,0.79,26.60
Kepler-32,f,0.74,0.01,0.82,3900,0.53,345.00
Kepler-33,b,5.67,0.07,1.74,5904,1.82,787.86
K2-3,c,24.64,0.14,1.85,3896,0.56,3.31
Kepler-1298,b,7.13,0.08,1.31,6339,2.00,860.74
Kepler-1300,b,22.24,0.17,1.37,6130,1.79,142.95
Kepler-1301,b,9.08,0.08,1.40,5188,0.81,65.47
Kepler-1302,b,8.84,0.08,1.43,5236,0.82,71.62
Kepler-1303,b,7.56,0.08,1.42,5771,1.00,173.89
Kepler-1305,b,13.56,0.11,1.88,5701,0.96,71.94
Kepler-1306,b,16.30,0.12,1.91,5727,0.97,58.16
Kepler-1308,b,2.10,0.02,0.52,3468,0.34,29.24
Kepler-1310,b,0.68,0.01,1.44,5549,0.88,3066.36
Kepler-1311,b,11.17,0.10,1.24,5748,1.40,194.20
Kepler-1311,c,2.54,0.04,1.22,5748,1.40,1402.81
Kepler-1313,b,3.83,0.05,1.76,5453,0.85,263.67
Kepler-1315,b,0.84,0.02,1.38,4861,0.75,1071.21
Kepler-1319,b,2.89,0.03,1.34,3655,0.54,43.65
Kepler-1320,b,0.87,0.02,1.70,4817,0.74,967.16
Kepler-1322,b,0.96,0.02,1.61,5488,0.87,1814.33
Kepler-1323,b,0.93,0.02,1.52,6169,1.40,6559.65
Kepler-1324,b,4.12,0.05,1.51,4776,0.73,116.19
Kepler-466,c,3.71,0.05,1.25,5927,1.05,540.66
Kepler-194,b,2.09,0.03,1.51,6089,1.02,1253.09
Kepler-195,c,34.10,0.20,1.55,5329,0.78,11.34
Kepler-196,b,20.74,0.14,1.90,5128,0.78,19.82
Kepler-197,b,5.60,0.06,1.02,6004,1.12,406.25
Kepler-197,c,10.35,0.09,1.23,6004,1.12,180.56
Kepler-197,d,15.68,0.12,1.22,6004,1.12,103.28
Kepler-197,e,25.21,0.16,0.91,6004,1.12,54.38
Kepler-200,c,10.22,0.09,1.59,5678,0.94,101.73
Kepler-203,d,11.33,0.10,1.44,5821,1.11,126.92
Kepler-204,c,25.66,0.17,1.79,5812,1.24,52.60
Kepler-205,b,2.76,0.03,1.51,4321,0.55,92.40
Kepler-205,c,20.31,0.12,1.64,4321,0.55,6.36
Kepler-206,c,13.14,0.11,1.77,5764,1.19,113.83
Kepler-9,d,1.59,0.03,1.64,5777,1.02,1395.03
Kepler-11,b,10.30,0.09,1.80,5663,1.06,125.20
Kepler-36,b,13.84,0.12,1.49,5911,1.63,218.91
Kepler-37,b,13.37,0.11,0.34,5417,0.79,43.53
Kepler-37,c,21.30,0.14,0.75,5417,0.79,23.39
Kepler-37,d,39.79,0.22,1.94,5417,0.79,10.17
Kepler-1327,b,14.89,0.12,1.80,5885,1.03,80.31
Kepler-1328,b,4.52,0.05,0.98,5780,0.99,342.66
Kepler-1331,b,0.79,0.01,1.05,4508,0.69,786.07
Kepler-1332,b,11.87,0.10,1.37,5581,0.90,70.30
Kepler-1336,b,23.20,0.16,1.98,5512,1.30,57.55
Kepler-1336,c,5.78,0.06,1.71,5512,1.30,367.30
Kepler-1339,b,1.34,0.02,0.71,5586,0.93,1389.14
Kepler-1340,b,0.67,0.02,1.55,6331,1.42,11145.09
Kepler-1342,b,2.22,0.03,1.66,5527,0.90,643.24
Kepler-1344,b,4.77,0.06,1.84,5981,1.13,450.22
Kepler-1346,b,3.40,0.05,1.58,6133,1.21,868.98
Kepler-1347,b,14.01,0.11,1.03,5193,0.79,35.93
Kepler-1349,b,2.13,0.03,0.70,6086,1.28,1741.89
Kepler-1350,c,1.77,0.02,1.73,3827,0.53,98.42
Kepler-1191,b,5.60,0.06,1.51,5308,0.81,136.70
Kepler-1193,b,2.83,0.04,1.32,5908,1.21,990.22
Kepler-1194,b,16.22,0.12,1.51,5590,0.92,49.11
Kepler-1197,b,2.03,0.03,1.25,4708,0.72,273.46
Kepler-1198,b,7.68,0.07,1.47,5517,0.90,121.64
Kepler-1199,b,15.04,0.12,1.15,5889,1.17,108.20
Kepler-1200,b,1.12,0.02,1.06,4612,0.70,546.59
Kepler-1203,b,0.59,0.01,1.06,4105,0.61,676.44
Kepler-1205,b,1.08,0.02,1.41,5226,0.81,1164.21
Kepler-1206,b,1.22,0.02,1.64,4877,0.75,665.62
Kepler-1207,b,13.68,0.11,1.62,5909,1.06,94.30
Kepler-1209,b,25.37,0.18,1.51,6210,1.38,77.52
Kepler-1210,b,8.07,0.08,1.70,5568,0.92,122.64
Kepler-1213,b,5.35,0.06,1.19,6050,1.21,449.93
Kepler-1215,b,4.77,0.05,1.22,5616,0.93,259.90
Kepler-1216,b,4.37,0.05,1.39,5743,0.98,344.75
Kepler-1217,b,2.03,0.03,1.99,5905,1.08,1241.09
Kepler-206,d,23.44,0.16,1.19,5764,1.19,52.79
Kepler-207,b,1.61,0.03,1.57,5920,1.59,3312.71
Kepler-208,b,4.23,0.05,1.63,6092,1.31,727.27
Kepler-208,c,7.47,0.08,1.39,6092,1.31,339.80
Kepler-208,e,16.26,0.13,1.48,6092,1.31,121.71
Kepler-211,b,4.14,0.05,1.26,5123,0.82,180.36
Kepler-211,c,6.04,0.06,1.29,5123,0.82,108.10
Kepler-212,b,16.26,0.13,1.09,5852,1.46,126.80
Kepler-213,b,2.46,0.04,1.62,5696,1.20,1049.39
Kepler-42,b,1.21,0.01,0.78,3068,0.17,17.07
Kepler-42,c,0.45,0.01,0.73,3068,0.17,63.81
Kepler-42,d,1.87,0.02,0.57,3068,0.17,9.69
Kepler-46,d,6.77,0.07,1.64,5309,0.79,99.10
Kepler-49,d,2.58,0.03,1.60,4252,0.56,95.70
Kepler-49,e,18.60,0.12,1.56,4252,0.56,6.83
Kepler-50,b,7.81,0.08,1.71,6225,1.58,567.27
Kepler-52,c,16.39,0.10,1.84,4263,0.56,8.79
Kepler-52,d,36.45,0.18,1.95,4263,0.56,2.81
Kepler-54,c,12.07,0.08,1.23,4252,0.55,13.10
Kepler-1352,b,1.88,0.03,0.89,6118,1.16,1777.68
Kepler-1353,b,24.75,0.15,1.80,4776,0.72,10.51
Kepler-1355,b,1.29,0.02,1.46,5352,0.83,1027.00
Kepler-1356,b,0.63,0.01,1.53,5106,0.78,2029.80
Kepler-1357,b,3.01,0.04,1.28,5597,0.90,449.78
Kepler-1358,b,7.06,0.07,1.12,5181,0.79,88.71
Kepler-1361,b,3.58,0.04,0.86,5131,0.79,209.81
Kepler-1363,b,2.94,0.04,1.25,4839,0.72,189.63
Kepler-1365,b,7.70,0.08,0.92,5770,1.05,188.24
Kepler-1365,c,4.77,0.06,0.80,5770,1.05,355.98
Kepler-1366,b,2.16,0.03,1.43,4070,0.60,113.64
Kepler-1367,b,1.57,0.02,0.92,4106,0.60,180.00
Kepler-1368,b,0.68,0.02,1.65,5906,1.08,5358.90
Kepler-1370,b,20.26,0.15,1.84,6202,1.29,92.95
Kepler-1370,c,7.44,0.08,1.27,6202,1.29,353.46
Kepler-1371,b,3.45,0.04,0.73,5361,0.83,280.94
Kepler-1371,c,2.01,0.03,0.64,5361,0.83,578.27
Kepler-1372,b,1.31,0.02,1.27,5677,0.97,1615.94
Kepler-1373,b,1.29,0.02,1.16,6299,1.33,4062.71
Kepler-1375,b,3.30,0.05,1.74,6704,1.78,2359.45
Kepler-1250,b,2.61,0.04,1.92,5717,0.98,674.01
Kepler-1252,b,15.05,0.12,1.67,5949,1.09,90.19
Kepler-1253,b,68.89,0.33,1.33,5850,1.10,11.99
Kepler-1254,b,9.99,0.08,1.55,4985,0.75,44.62
Kepler-1254,c,3.60,0.04,1.30,4985,0.75,173.96
Kepler-1256,b,12.41,0.11,1.49,6129,1.36,191.55
Kepler-1257,b,2.67,0.04,1.52,5502,0.87,470.89
Kepler-1259,b,0.66,0.01,1.43,5053,0.77,1816.76
Kepler-1260,b,19.12,0.14,1.77,5961,1.08,64.90
Kepler-1262,b,8.68,0.08,1.82,5771,0.98,140.82
Kepler-1264,b,0.97,0.02,1.18,5791,0.98,2657.66
Kepler-1265,b,6.49,0.06,1.35,4630,0.69,53.14
Kepler-1269,b,37.33,0.23,1.63,5998,1.15,30.15
Kepler-1271,b,3.03,0.04,1.48,6143,1.23,1062.85
Kepler-1274,b,6.98,0.08,1.42,6179,2.17,940.49
Kepler-221,b,2.80,0.04,1.71,5243,0.82,333.00
Kepler-54,d,21.00,0.13,1.53,4252,0.55,5.59
Kepler-55,d,2.21,0.03,1.59,4503,0.62,168.61
Kepler-55,e,4.62,0.05,1.55,4503,0.62,61.55
Kepler-59,b,11.87,0.10,1.10,6074,0.94,101.37
Kepler-60,b,7.13,0.07,1.71,5905,1.26,320.73
Kepler-60,c,8.92,0.09,1.90,5905,1.26,238.12
Kepler-60,d,11.90,0.10,1.99,5905,1.26,162.14
Kepler-62,b,5.71,0.06,1.31,4925,0.64,70.70
Kepler-62,c,12.44,0.09,0.54,4925,0.64,25.05
Kepler-62,d,18.16,0.12,1.95,4925,0.64,15.01
Kepler-62,f,267.29,0.72,1.41,4925,0.64,0.42
Kepler-65,b,2.15,0.04,1.42,6211,1.41,2166.94
Kepler-65,d,8.13,0.08,1.52,6211,1.41,376.20
Kepler-68,c,9.61,0.09,1.00,5793,1.28,188.48
Kepler-1376,b,5.31,0.06,1.05,5659,0.97,247.34
Kepler-1377,b,0.74,0.02,1.25,5218,0.82,1925.52
Kepler-1379,b,0.88,0.02,1.30,5188,0.79,1417.82
Kepler-1380,b,10.31,0.09,1.43,5570,0.94,91.21
Kepler-1382,b,16.36,0.14,1.88,6161,1.72,195.85
Kepler-1383,b,13.91,0.12,1.41,6370,1.44,204.91
Kepler-1384,b,15.36,0.11,1.94,4919,0.74,23.20
Kepler-1386,b,6.74,0.07,1.24,5733,1.03,208.07
Kepler-1387,b,2.28,0.03,0.93,5046,0.77,342.54
Kepler-1389,b,99.25,0.39,1.77,5078,0.74,2.14
Kepler-1390,b,6.48,0.07,1.18,5753,0.98,206.71
Kepler-1391,b,54.41,0.28,1.68,5840,1.10,15.68
Kepler-1393,b,2.44,0.03,0.80,5697,0.92,656.52
Kepler-1394,b,3.94,0.06,1.39,6481,2.55,3107.23
Kepler-1395,b,3.78,0.05,0.80,6138,1.23,767.99
Kepler-1397,b,47.45,0.26,1.72,6026,1.12,21.29
Kepler-1398,b,2.79,0.04,0.90,6126,1.18,1078.79
Kepler-1398,c,4.14,0.05,1.03,6126,1.18,637.19
Kepler-1399,b,1.64,0.03,1.25,5735,0.96,1233.44
Kepler-1401,b,11.20,0.10,1.68,5964,1.10,136.76
Kepler-1402,b,2.03,0.03,0.76,5416,0.87,634.99
Kepler-504,b,9.55,0.06,1.59,3519,0.33,4.04
Kepler-560,b,18.48,0.10,1.72,3556,0.33,1.71
Kepler-69,c,242.46,0.64,1.71,5638,0.93,1.91
KOI-55,b,0.24,0.01,0.76,27730,0.20,589461.62
KOI-55,c,0.34,0.01,0.87,27730,0.20,367393.00
Kepler-81,d,20.84,0.13,1.21,4500,0.59,7.82
Kepler-82,d,2.38,0.03,1.77,5428,0.94,595.33
Kepler-83,d,5.17,0.05,1.94,4648,0.59,56.04
Kepler-84,d,4.22,0.05,1.38,6031,1.17,600.93
Kepler-85,d,17.91,0.13,1.20,5436,0.89,36.72
Kepler-85,e,25.22,0.16,1.27,5436,0.89,23.36
KOI-94,b,3.74,0.05,1.71,6182,1.52,1155.40
Kepler-1406,b,11.63,0.10,1.10,5892,1.12,130.09
Kepler-1408,b,3.00,0.04,0.89,6170,1.35,1260.26
Kepler-1410,b,60.87,0.26,1.78,4092,0.60,1.34
Kepler-1412,b,3.61,0.05,0.83,5880,1.27,783.02
Kepler-1413,b,13.18,0.10,1.82,5196,0.80,39.41
Kepler-1415,b,0.64,0.01,1.29,5267,0.84,2510.90
Kepler-1416,b,1.50,0.03,0.88,6019,1.15,2245.10
Kepler-1417,b,20.35,0.15,1.00,5839,1.02,50.31
Kepler-1420,b,6.70,0.07,1.28,5187,0.79,95.63
Kepler-1421,b,6.91,0.08,0.93,6335,1.42,497.73
Kepler-1424,b,29.61,0.19,1.16,5838,1.07,33.56
Kepler-1425,b,14.45,0.11,0.94,5718,0.95,65.49
Kepler-1426,b,14.26,0.12,1.56,5831,1.02,80.42
Kepler-1427,b,0.97,0.02,1.10,5793,1.01,2787.62
Kepler-1218,b,22.92,0.16,1.44,5986,1.10,53.75
Kepler-1220,b,7.43,0.07,1.52,5842,0.99,184.52
Kepler-1221,b,12.00,0.10,1.88,5194,0.82,45.77
Kepler-1222,b,1.92,0.03,0.79,5239,0.80,532.66
Kepler-1223,b,16.30,0.12,1.22,4870,0.75,20.80
Kepler-1225,b,7.01,0.07,1.82,6140,1.19,323.82
Kepler-1226,b,17.29,0.13,1.45,5923,1.02,66.19
Kepler-1228,b,0.58,0.01,1.54,5063,0.74,2068.71
Kepler-1231,b,10.42,0.09,1.42,5778,1.00,113.98
Kepler-1232,b,26.78,0.17,1.93,5471,0.89,21.93
Kepler-1235,b,4.16,0.05,0.79,5541,0.90,280.49
Kepler-1240,b,4.87,0.06,1.15,5682,0.96,276.52
Kepler-1244,b,3.70,0.05,1.35,6680,1.77,1980.69
Kepler-1245,b,4.35,0.05,1.44,5306,0.83,198.90
Kepler-1245,c,2.94,0.04,1.44,5306,0.83,336.29
Kepler-1246,b,11.32,0.09,1.36,4611,0.69,24.45
Kepler-1248,b,7.47,0.08,1.18,6149,1.21,295.79
KOI-351,b,7.01,0.07,1.31,6080,1.20,322.41
KOI-351,c,8.72,0.09,1.19,6080,1.20,222.89
Kepler-93,b,4.73,0.06,1.57,5669,0.98,276.51
Kepler-99,b,4.60,0.05,1.48,4782,0.73,99.73
Kepler-100,d,35.33,0.22,1.61,5825,1.49,49.05
Kepler-101,c,6.03,0.07,1.25,5667,1.56,481.34
Kepler-102,b,5.29,0.06,0.47,4909,0.76,98.16
Kepler-102,c,7.07,0.07,0.58,4909,0.76,66.61
Kepler-105,c,7.13,0.07,1.31,5827,0.89,160.27
Kepler-106,d,23.98,0.16,0.95,5858,1.04,43.14
Kepler-107,b,3.18,0.04,1.56,5851,1.41,1079.82
Kepler-962,b,12.06,0.10,1.97,5478,0.86,59.22
Kepler-968,c,5.71,0.06,1.69,4598,0.70,60.36
Kepler-973,b,49.61,0.25,1.96,5213,0.78,6.38
Kepler-975,b,1.97,0.03,1.48,4897,0.75,355.90
Kepler-990,c,0.54,0.01,1.53,5948,1.08,7557.65
Kepler-228,b,2.57,0.04,1.53,6043,1.01,845.25
Kepler-231,b,10.07,0.07,1.73,3767,0.49,7.92
Kepler-235,c,7.82,0.06,1.28,4255,0.55,21.06
Kepler-24,d,4.24,0.05,1.67,5897,1.29,694.16
TRAPPIST-1,b,1.51,0.01,1.09,2559,0.12,4.49
TRAPPIST-1,c,2.42,0.02,1.06,2559,0.12,2.39
TRAPPIST-1,d,4.05,0.02,0.77,2559,0.12,1.21
Kepler-107,c,4.90,0.06,1.81,5851,1.41,600.56
Kepler-110,b,12.69,0.11,1.83,5960,1.15,130.77
Kepler-111,b,3.34,0.05,1.58,5952,1.16,716.06
Kepler-78,b,0.36,0.01,1.12,5089,0.75,3948.37
Kepler-80,d,3.07,0.04,1.53,4540,0.68,127.37
Kepler-113,b,4.75,0.05,1.82,4725,0.69,84.23
Kepler-114,b,5.19,0.05,1.26,4605,0.67,64.48
Kepler-994,b,1.15,0.02,1.60,3934,0.54,199.57
Kepler-996,b,3.77,0.05,1.98,6014,1.14,640.58
Kepler-1002,b,4.34,0.06,1.71,6144,1.57,1018.89
Kepler-1003,b,3.55,0.05,1.78,6109,1.17,767.74
Kepler-1005,b,6.50,0.07,1.50,5782,1.06,242.56
Kepler-1006,b,19.76,0.13,1.54,5328,0.74,22.83
Kepler-1007,b,5.19,0.05,1.44,4587,0.70,69.83
Kepler-1008,b,12.44,0.10,1.28,5066,0.78,37.47
Kepler-1012,b,5.51,0.06,1.29,5556,0.91,196.58
Kepler-1017,b,7.23,0.07,1.99,5473,0.87,119.32
Kepler-80,f,0.99,0.02,1.21,4540,0.68,575.52
Kepler-507,b,3.57,0.05,1.30,6113,1.32,946.71
Kepler-508,b,25.31,0.18,1.64,6025,1.25,58.78
Kepler-514,b,5.65,0.07,1.72,6106,1.44,568.81
Kepler-515,b,19.96,0.14,1.46,5293,0.83,25.09
Kepler-520,b,19.67,0.15,1.66,6112,1.09,68.61
Kepler-520,c,5.21,0.06,1.07,6112,1.09,403.36
Kepler-1019,b,1.41,0.02,1.46,4433,0.67,325.35
Kepler-1025,b,37.32,0.22,1.98,6089,1.13,31.12
Kepler-342,e,1.64,0.03,0.88,6175,1.47,3495.06
Kepler-1028,b,2.51,0.03,1.33,5522,0.87,517.10
Kepler-1029,b,4.42,0.05,1.26,5030,0.77,139.98
Kepler-1031,b,1.23,0.02,0.87,6011,1.12,2759.23
Kepler-1035,b,2.71,0.04,1.17,5763,0.97,650.77
Kepler-1037,b,1.06,0.02,1.28,5105,0.78,1017.25
Kepler-1039,b,0.93,0.02,1.46,4870,0.74,923.47
Kepler-1046,b,14.38,0.12,1.71,5913,1.04,86.31
Kepler-1047,c,3.19,0.04,0.99,5754,1.13,663.47
Kepler-1048,b,6.92,0.06,1.61,4651,0.70,49.32
Kepler-1050,b,15.38,0.12,1.60,6010,1.13,96.33
Kepler-1050,c,21.13,0.15,1.48,6010,1.13,63.07
Kepler-1053,b,2.41,0.03,0.98,4529,0.69,177.05
Kepler-1055,b,2.30,0.03,1.23,5723,0.94,743.28
Kepler-1059,b,3.76,0.04,1.73,4906,0.72,145.52
Kepler-1061,b,2.76,0.04,1.98,6067,1.07,886.88
Kepler-1063,b,14.08,0.12,1.49,5945,1.14,105.59
Kepler-1064,b,16.54,0.12,1.55,5153,0.79,27.25
Kepler-1067,b,0.76,0.02,0.80,5592,0.93,2944.33
Kepler-1069,b,23.90,0.16,1.60,5722,0.98,35.26
Kepler-1070,b,6.22,0.07,1.73,6261,1.32,482.61
Kepler-1072,b,1.57,0.03,1.58,6199,1.32,2926.83
Kepler-821,b,1.92,0.03,1.31,5191,0.80,511.32
Kepler-1073,c,4.03,0.05,1.64,5792,1.00,411.57
Kepler-1074,b,5.95,0.05,1.25,4002,0.57,25.47
Kepler-1075,b,1.52,0.02,1.42,3959,0.54,140.84
Kepler-1076,b,6.15,0.06,0.80,4868,0.74,74.84
Kepler-1078,b,3.01,0.04,1.90,5612,0.92,472.07
Kepler-1079,b,13.25,0.11,1.63,5758,1.36,144.35
Kepler-1081,b,3.86,0.05,1.01,5345,0.84,242.84
Kepler-1082,b,1.54,0.03,1.12,5923,1.14,2059.64
Kepler-1084,b,2.05,0.03,1.11,6113,1.28,1903.78
Kepler-1087,b,0.69,0.02,0.61,5589,0.94,3378.07
Kepler-1088,b,23.13,0.16,1.42,5975,1.08,50.20
Kepler-1089,b,5.13,0.05,1.83,3753,0.49,19.49
Kepler-1093,b,25.08,0.17,1.95,6166,1.20,61.20
Kepler-1093,c,89.72,0.41,1.96,6166,1.20,11.19
Kepler-1096,b,2.89,0.03,1.24,4306,0.63,102.31
Kepler-1098,b,2.54,0.04,1.30,5794,0.99,750.28
Kepler-822,b,3.22,0.04,1.77,5928,1.08,681.62
Kepler-823,b,4.17,0.05,1.57,5643,0.96,330.72
Kepler-824,b,4.51,0.06,1.87,6035,1.22,564.64
Kepler-825,b,3.77,0.05,1.53,5976,1.08,581.47
Kepler-825,c,8.18,0.08,1.84,5976,1.08,207.21
Kepler-826,b,4.49,0.05,1.25,6079,1.15,553.16
Kepler-828,b,0.57,0.01,1.51,5039,0.77,2191.07
Kepler-830,b,11.30,0.10,1.70,6037,1.11,144.54
Kepler-831,b,5.62,0.06,1.27,5732,0.97,239.59
Kepler-842,b,1.22,0.02,1.60,4848,0.73,624.45
Kepler-844,b,2.61,0.03,1.68,4128,0.57,87.27
Kepler-847,b,2.34,0.03,1.18,4940,0.77,300.85
Kepler-1100,b,6.42,0.07,1.75,6247,1.34,472.52
Kepler-1104,b,5.04,0.06,1.23,6417,1.41,767.62
Kepler-1106,b,1.25,0.02,1.65,6104,1.17,3074.21
Kepler-1107,b,0.57,0.01,1.34,5268,0.82,2830.94
Kepler-1108,b,4.51,0.05,1.46,5406,0.84,206.27
Kepler-215,b,9.36,0.08,1.62,5739,1.03,146.34
Kepler-215,c,14.67,0.11,1.77,5739,1.03,80.87
Kepler-215,e,68.16,0.31,1.75,5739,1.03,10.47
Kepler-217,c,8.59,0.09,1.85,6171,1.80,532.21
Kepler-218,b,3.62,0.05,1.48,5502,1.06,436.59
Kepler-115,b,2.40,0.04,1.09,5979,1.21,1295.32
Kepler-118,b,7.52,0.07,1.96,5274,1.09,154.76
Kepler-119,c,4.13,0.05,0.92,5595,0.84,258.38
Kepler-120,c,12.79,0.09,1.53,4096,0.53,9.16
Kepler-122,f,56.27,0.29,1.75,6050,1.22,21.81
Kepler-123,c,26.70,0.18,1.48,6089,1.26,59.77
Kepler-124,c,13.82,0.10,1.75,4984,0.64,22.68
Kepler-124,d,30.95,0.17,1.11,4984,0.64,7.85
Kepler-848,b,6.91,0.07,1.70,5695,1.20,267.70
Kepler-850,b,7.19,0.07,1.78,5932,1.09,238.69
Kepler-851,b,8.51,0.08,1.68,5455,0.85,93.25
Kepler-853,b,7.17,0.08,1.69,6350,1.55,555.64
Kepler-866,b,2.62,0.03,1.63,4751,0.71,202.06
Kepler-872,b,2.58,0.04,1.99,5902,1.08,907.31
Kepler-876,b,5.14,0.05,1.43,5060,0.77,117.97
Kepler-878,b,25.94,0.16,1.93,5044,0.77,13.47
Kepler-881,b,4.44,0.05,1.78,5961,1.09,462.49
Kepler-220,b,4.16,0.05,0.81,4632,0.67,87.62
Kepler-220,c,9.03,0.08,1.57,4632,0.67,32.10
Kepler-220,d,28.12,0.16,0.98,4632,0.67,6.98
Kepler-220,e,45.90,0.23,1.33,4632,0.67,3.63
Kepler-224,b,3.13,0.04,1.39,5018,0.68,182.17
Kepler-224,e,18.64,0.12,1.97,5018,0.68,17.11
Kepler-225,b,6.74,0.06,1.20,3682,0.48,12.12
Kepler-225,c,18.79,0.11,1.84,3682,0.48,3.08
Kepler-226,b,3.94,0.05,1.55,5571,0.80,250.39
Kepler-226,d,8.11,0.08,1.22,5571,0.80,95.76
Kepler-126,b,10.50,0.10,1.52,6239,1.36,256.55
Kepler-126,c,21.87,0.16,1.58,6239,1.36,95.81
Kepler-128,b,15.09,0.13,1.13,6090,1.66,213.20
Kepler-130,b,8.46,0.08,1.02,5884,1.13,220.04
Kepler-130,d,87.52,0.38,1.64,5884,1.13,9.66
Kepler-132,b,6.18,0.07,1.21,6003,1.18,361.40
Kepler-132,d,18.01,0.14,1.55,6003,1.18,87.71
Kepler-133,b,8.13,0.08,1.76,5736,1.43,288.30
Kepler-135,b,6.00,0.07,1.81,6090,1.27,443.43
Kepler-135,c,11.45,0.10,1.16,6090,1.27,187.63
Kepler-137,b,8.44,0.08,1.47,5187,0.80,70.11
Kepler-137,c,18.74,0.13,1.88,5187,0.80,24.60
Kepler-138,d,23.09,0.13,1.21,3841,0.44,2.32
Kepler-310,b,13.93,0.11,1.19,5797,0.88,63.68
Kepler-312,b,1.77,0.03,1.29,6115,1.47,2820.95
Kepler-314,b,2.46,0.04,0.83,5378,0.95,552.96
Kepler-316,b,2.24,0.03,1.06,4204,0.52,103.95
Kepler-32,e,2.90,0.03,1.50,3900,0.53,53.54
Kepler-320,b,8.37,0.09,1.14,6435,1.11,262.36
Kepler-322,b,1.65,0.03,1.01,5388,0.89,821.60
Kepler-324,b,4.39,0.05,1.14,5194,0.84,184.30
Kepler-327,c,5.21,0.05,1.03,3799,0.49,20.31
Kepler-329,b,7.42,0.06,1.40,4257,0.52,21.41
Kepler-331,b,8.46,0.06,1.82,4347,0.49,18.21
Kepler-332,d,34.21,0.19,1.18,4955,0.72,7.85
Kepler-334,c,12.76,0.11,1.43,5828,1.07,103.51
Kepler-336,b,2.02,0.03,1.02,5867,1.30,1649.76
Kepler-341,e,42.47,0.24,1.99,6012,1.02,20.82
Kepler-345,c,9.39,0.08,1.20,4504,0.62,23.94
Kepler-347,c,27.32,0.18,1.75,6088,1.00,36.80
Kepler-349,c,12.25,0.10,1.96,5956,0.93,88.57
Kepler-353,c,8.41,0.06,1.38,3903,0.50,12.32
Kepler-370,c,19.02,0.14,1.91,5852,0.90,43.49
Kepler-371,c,67.97,0.31,1.78,5666,0.99,9.25
Kepler-372,b,6.85,0.08,1.36,6509,1.14,372.09
Kepler-372,d,30.09,0.20,1.69,6509,1.14,51.81
Kepler-373,b,5.54,0.06,1.36,5787,0.84,197.23
Kepler-373,c,16.73,0.13,1.24,5787,0.84,44.72
Kepler-374,b,1.90,0.03,1.03,5977,0.91,1127.50
Kepler-374,c,3.28,0.04,1.10,5977,0.91,537.55
Kepler-374,d,5.03,0.06,1.31,5977,0.91,302.37
Kepler-375,b,12.13,0.10,1.45,5826,0.84,71.50
Kepler-376,b,4.92,0.06,1.07,5900,1.18,465.93
Kepler-376,c,14.17,0.12,1.79,5900,1.18,114.47
Kepler-377,b,12.51,0.11,1.39,5949,1.22,140.78
Kepler-378,b,16.09,0.11,0.75,4661,0.67,15.15
Kepler-378,c,28.91,0.17,0.70,4661,0.67,6.90
Kepler-379,b,20.10,0.15,1.66,6054,1.31,89.52
Kepler-380,c,7.63,0.08,1.27,6045,1.22,293.10
Kepler-381,b,5.63,0.07,0.99,6152,1.57,727.24
Kepler-381,c,13.39,0.12,1.12,6152,1.57,231.41
Kepler-382,c,12.16,0.10,1.59,5600,0.94,82.86
Kepler-383,b,12.90,0.09,1.32,4710,0.67,21.96
Kepler-384,c,45.35,0.24,1.13,5577,0.88,12.07
Kepler-1530,b,2.59,0.04,1.64,5477,0.88,484.97
Kepler-1530,c,5.32,0.06,1.65,5477,0.88,185.65
Kepler-1531,b,1.14,0.02,1.11,6260,1.27,4419.83
Kepler-1532,b,1.09,0.02,1.35,5559,0.88,1636.89
Kepler-1534,b,5.72,0.06,1.89,5442,0.86,159.45
Kepler-1537,b,1.44,0.02,1.18,5079,0.77,651.29
Kepler-1541,b,8.41,0.08,1.16,5282,0.81,77.37
Kepler-1542,b,3.95,0.05,0.76,5564,0.99,367.03
Kepler-1542,c,2.89,0.04,0.65,5564,0.99,556.37
Kepler-1542,d,5.99,0.06,0.87,5564,0.99,210.62
Kepler-1542,e,5.10,0.06,0.76,5564,0.99,261.08
Kepler-1544,b,168.81,0.56,1.78,4886,0.74,0.90
Kepler-1547,b,0.69,0.02,0.90,6078,1.18,6729.35
Kepler-1555,b,8.11,0.08,1.61,5866,1.06,186.45
Kepler-646,b,15.87,0.12,1.99,5634,0.91,51.41
Kepler-647,b,16.23,0.13,1.17,6020,1.07,84.06
Kepler-625,c,4.17,0.05,1.05,5789,0.96,352.37
Kepler-629,b,7.24,0.07,1.38,5444,0.84,108.80
Kepler-633,b,8.50,0.08,1.63,5899,1.15,213.27
Kepler-634,b,5.17,0.06,1.89,6075,1.24,538.04
Kepler-638,b,6.08,0.06,1.83,5382,0.93,166.79
Kepler-641,b,9.49,0.09,1.85,5713,1.13,156.49
Kepler-355,b,11.03,0.10,1.46,6184,1.07,144.39
Kepler-362,c,37.87,0.21,1.45,5788,0.72,12.18
Kepler-366,c,12.52,0.11,1.79,6209,1.05,121.50
Kepler-371,b,34.76,0.20,1.89,5666,0.99,22.66
Kepler-380,b,3.93,0.05,1.19,6045,1.22,713.29
Kepler-382,b,5.26,0.05,1.32,5600,0.94,257.74
Kepler-384,b,22.60,0.15,1.12,5577,0.88,30.69
Kepler-386,c,25.19,0.16,1.58,5178,0.77,15.92
Kepler-388,c,13.30,0.09,0.86,4498,0.59,14.78
Kepler-390,c,13.06,0.10,0.79,5166,0.78,38.11
Kepler-392,c,10.42,0.09,1.10,5938,1.13,164.68
Kepler-395,b,7.05,0.06,1.03,4262,0.56,24.95
Kepler-399,b,14.43,0.10,0.96,5502,0.68,35.84
Kepler-401,b,14.38,0.12,1.71,6117,1.33,149.29
Kepler-402,d,8.92,0.09,1.38,6090,1.26,258.86
Kepler-386,b,12.31,0.10,1.39,5178,0.77,41.49
Kepler-387,b,6.79,0.07,1.03,5774,1.05,237.78
Kepler-387,c,11.84,0.10,0.89,5774,1.05,114.48
Kepler-388,b,3.17,0.04,0.81,4498,0.59,98.65
Kepler-389,b,3.24,0.04,1.51,5376,0.79,278.24
Kepler-389,c,14.51,0.11,1.46,5376,0.79,38.65
Kepler-390,b,6.74,0.06,0.82,5166,0.78,92.02
Kepler-392,b,5.34,0.06,1.00,5938,1.13,409.18
Kepler-393,b,9.18,0.09,1.29,6189,1.38,302.73
Kepler-393,c,14.61,0.12,1.33,6189,1.38,163.04
Kepler-394,b,8.01,0.08,1.60,6402,1.13,279.36
Kepler-394,c,12.13,0.11,1.66,6402,1.13,159.05
Kepler-395,c,34.99,0.18,1.32,4262,0.56,2.96
Kepler-398,b,4.08,0.04,0.93,4493,0.61,70.27
Kepler-398,c,11.42,0.09,1.01,4493,0.61,17.97
Kepler-399,c,26.68,0.16,1.43,5502,0.68,15.82
Kepler-399,d,58.03,0.26,1.89,5502,0.68,5.58
Kepler-400,b,9.02,0.09,1.65,5886,1.15,188.16
Kepler-1556,b,8.83,0.08,1.96,5608,0.95,116.95
Kepler-1557,b,3.74,0.05,1.53,6099,1.17,712.72
Kepler-1559,b,0.97,0.02,0.72,5316,0.82,1444.56
Kepler-1560,b,3.03,0.04,0.89,5815,1.02,626.58
Kepler-1561,b,1.01,0.02,1.09,5957,1.11,3449.57
Kepler-1563,b,3.43,0.04,0.75,5765,0.99,489.64
Kepler-1564,b,18.05,0.13,1.47,5528,0.90,39.26
Kepler-1565,b,1.54,0.02,1.19,4940,0.73,502.66
Kepler-1566,b,0.54,0.01,0.79,5254,0.81,2991.68
Kepler-1568,b,20.93,0.15,1.30,5956,1.19,68.34
Kepler-1569,b,5.79,0.07,1.68,6319,1.40,606.41
Kepler-1570,b,26.55,0.17,1.07,5550,0.89,23.49
Kepler-1571,b,3.39,0.05,1.52,6297,1.39,1219.16
Kepler-1573,b,2.62,0.04,1.20,5808,1.00,734.57
Kepler-1574,b,6.94,0.07,1.29,5892,1.08,239.12
Kepler-1575,b,2.55,0.04,1.31,5667,0.92,606.29
Kepler-1577,b,6.31,0.06,1.13,4862,0.74,72.60
Kepler-1578,b,1.45,0.02,1.04,5545,0.86,1069.55
Kepler-1579,b,0.85,0.02,0.84,4584,0.70,762.51
Kepler-1582,b,4.84,0.04,1.49,3208,0.30,6.37
Kepler-1583,b,9.33,0.08,0.60,5645,0.91,104.52
Kepler-1584,b,13.40,0.11,1.61,6069,1.13,119.63
Kepler-1585,b,3.58,0.04,1.79,5538,0.91,346.78
Kepler-1587,b,9.41,0.09,1.33,5933,1.22,206.66
Kepler-1588,b,7.85,0.08,0.76,5817,0.99,173.13
Kepler-1589,b,0.99,0.02,1.09,6166,1.25,4790.32
Kepler-674,b,2.24,0.03,1.69,4192,0.57,112.48
Kepler-653,b,14.71,0.12,1.95,5665,1.19,93.55
Kepler-653,c,0.90,0.02,0.78,5665,1.19,3877.34
Kepler-658,b,1.29,0.02,1.63,4103,0.60,232.25
Kepler-404,b,11.83,0.10,1.27,5654,0.88,68.25
Kepler-406,b,2.43,0.04,1.43,5538,1.07,739.50
Kepler-415,b,4.18,0.04,1.21,-999,0.64,0.19
Kepler-431,c,8.70,0.08,0.67,6004,1.09,193.08
Kepler-442,b,112.31,0.41,1.34,4402,0.60,0.73
Kepler-444,d,6.19,0.06,0.53,5046,0.75,90.89
Kepler-446,b,1.57,0.02,1.50,3359,0.24,25.93
Kepler-48,b,4.78,0.05,1.88,5194,0.89,182.70
Kepler-400,c,17.34,0.13,1.49,5886,1.15,79.32
Kepler-402,b,4.03,0.05,1.22,6090,1.26,753.30
Kepler-402,c,6.12,0.07,1.56,6090,1.26,423.73
Kepler-402,e,11.24,0.10,1.46,6090,1.26,188.33
Kepler-403,b,7.03,0.08,1.25,6090,1.33,377.96
Kepler-403,c,54.28,0.30,1.75,6090,1.33,24.75
Kepler-404,c,14.75,0.12,1.72,5654,0.88,50.99
Kepler-406,c,4.62,0.06,0.85,5538,1.07,313.03
Kepler-407,b,0.67,0.01,1.07,5476,1.01,3669.43
Kepler-408,b,2.47,0.04,0.82,6104,1.23,1403.34
Kepler-411,b,3.01,0.04,1.88,4974,0.79,237.36
Kepler-414,b,4.70,0.05,1.71,-999,0.95,0.29
Kepler-1591,b,8.19,0.08,1.27,6082,1.16,245.33
Kepler-1592,b,3.06,0.04,1.54,6213,1.28,1154.06
Kepler-1594,b,2.72,0.04,1.06,5946,1.08,866.76
Kepler-1596,b,66.37,0.32,1.90,5706,0.92,8.09
Kepler-1597,b,2.95,0.04,1.06,6377,1.39,1526.67
Kepler-1598,b,4.34,0.05,0.95,5940,1.09,467.49
Kepler-1601,b,2.21,0.03,0.82,5869,1.07,1077.18
Kepler-1602,b,11.18,0.10,1.34,6296,1.36,238.50
Kepler-1603,b,2.27,0.04,1.29,6241,1.31,1798.27
Kepler-1604,b,0.68,0.01,1.41,4976,0.76,1584.74
Kepler-1605,b,85.76,0.36,1.08,5280,0.82,3.58
Kepler-1607,b,13.65,0.12,0.92,6116,1.21,134.81
Kepler-1608,b,16.47,0.12,1.73,4992,0.72,21.79
Kepler-1610,b,8.70,0.08,1.61,5383,0.87,88.56
Kepler-1611,b,5.18,0.06,0.81,5605,0.93,232.69
Kepler-1612,b,3.92,0.05,1.03,5643,0.94,349.12
Kepler-1614,b,3.95,0.05,1.49,5121,0.76,174.56
Kepler-1616,b,6.76,0.07,1.02,6266,1.34,446.42
Kepler-1617,b,27.48,0.19,1.20,6167,1.22,55.40
Kepler-1618,b,6.11,0.07,1.26,6620,1.65,872.24
Kepler-1619,b,23.62,0.16,0.76,5852,1.00,40.52
Kepler-1620,b,101.95,0.45,1.61,6157,1.23,9.74
Kepler-683,b,2.54,0.04,1.97,5703,0.95,663.27
Kepler-55,f,10.20,0.08,1.59,4503,0.62,21.61
Kepler-57,c,11.61,0.09,1.55,5145,0.73,37.67
Kepler-59,c,17.98,0.14,1.98,6074,0.94,58.26
Kepler-62,e,122.39,0.43,1.61,4925,0.64,1.19
Kepler-80,e,4.64,0.05,1.60,4540,0.68,73.11
Kepler-85,b,8.31,0.08,1.97,5436,0.89,101.81
Kepler-97,b,2.59,0.04,1.48,5779,0.98,736.32
Kepler-98,b,1.54,0.03,1.99,5539,1.11,1535.42
Kepler-431,b,6.80,0.07,0.76,6004,1.09,267.95
Kepler-431,d,11.92,0.10,1.11,6004,1.09,126.85
Kepler-438,b,35.23,0.17,1.12,3748,0.52,1.74
Kepler-440,b,101.11,0.24,1.86,4134,0.56,1.40
Kepler-441,b,207.25,0.64,1.64,4340,0.55,0.24
Kepler-444,b,3.60,0.04,0.40,5046,0.75,187.44
Kepler-444,c,4.55,0.05,0.50,5046,0.75,137.34
Kepler-444,f,9.74,0.08,0.74,5046,0.75,49.75
Kepler-445,b,2.98,0.02,1.58,3157,0.21,7.49
Kepler-445,d,8.15,0.04,1.25,3157,0.21,1.96
Kepler-446,d,5.15,0.04,1.35,3359,0.24,5.30
Kepler-1622,b,10.81,0.10,1.47,6436,1.50,315.89
Kepler-1623,b,4.36,0.05,1.31,5772,1.00,364.83
Kepler-1629,b,3.88,0.05,0.77,5776,1.01,433.88
Kepler-1631,b,4.10,0.05,1.35,5679,0.95,342.45
Kepler-1633,b,186.40,0.68,1.58,6256,1.32,5.20
Kepler-1637,b,6.11,0.07,0.89,5789,1.02,241.81
Kepler-1638,b,259.34,0.79,1.87,5710,0.95,1.39
Kepler-1644,b,21.09,0.14,1.88,5499,0.86,29.38
Kepler-1645,b,16.18,0.13,1.78,5812,1.02,67.06
Kepler-707,b,2.24,0.03,1.33,5099,0.76,362.60
Kepler-245,e,3.22,0.04,1.75,5100,0.80,247.49
K2-58,c,2.54,0.04,1.62,5413,0.86,465.06
K2-58,d,22.88,0.15,1.71,5413,0.86,24.76
K2-65,b,12.65,0.10,1.58,5213,0.84,45.47
K2-68,b,8.05,0.07,1.58,4746,0.68,41.99
K2-72,b,5.58,0.04,1.08,3360,0.33,7.79
K2-72,c,15.19,0.08,1.16,3360,0.33,2.05
K2-72,d,7.76,0.05,1.01,3360,0.33,4.98
K2-72,e,24.16,0.11,1.29,3360,0.33,1.11
K2-80,c,5.61,0.06,1.47,5441,0.87,167.56
K2-81,b,6.10,0.06,1.97,4674,0.63,48.83
K2-83,b,2.75,0.03,1.24,3910,0.42,40.72
K2-83,c,10.00,0.07,1.48,3910,0.42,7.27
Kepler-743,b,3.18,0.04,1.21,5486,0.85,341.67
Kepler-744,b,12.06,0.10,1.62,5594,0.93,74.73
Kepler-746,b,3.48,0.04,1.11,5418,0.93,352.26
Kepler-750,c,4.09,0.05,1.62,6160,1.23,710.86
Kepler-732,c,0.89,0.01,1.27,3631,0.46,161.16
Kepler-255,d,1.05,0.02,1.32,5573,0.93,1878.94
Kepler-737,b,28.60,0.15,1.96,3813,0.48,2.04
Kepler-238,b,2.09,0.03,1.73,5751,1.43,1736.15
Kepler-240,b,4.14,0.05,1.37,4985,0.74,131.69
K2-35,b,5.61,0.05,1.93,4403,0.62,42.84
K2-35,c,2.40,0.03,1.32,4403,0.62,134.85
K2-36,b,1.42,0.02,1.32,4924,0.74,545.98
K2-37,b,4.44,0.05,1.61,5413,0.85,213.13
K2-38,b,4.02,0.06,1.91,5757,1.38,448.33
K2-21,b,9.33,0.08,1.84,4222,0.65,20.85
Kepler-753,b,5.75,0.06,1.91,4346,0.65,44.34
Kepler-755,b,1.27,0.02,1.76,5043,0.77,746.12
Kepler-755,c,2.85,0.04,1.26,5043,0.77,253.34
Kepler-756,b,1.22,0.02,1.12,5282,0.79,990.97
Kepler-757,b,1.02,0.02,1.36,6014,1.13,3607.02
Kepler-758,c,4.76,0.06,1.69,6228,1.42,804.23
Kepler-758,e,8.19,0.08,1.53,6228,1.42,389.63
Kepler-760,c,2.47,0.03,1.48,5322,0.85,440.15
Kepler-763,b,1.20,0.02,1.22,5166,0.80,944.01
Kepler-764,b,7.34,0.07,1.64,5557,0.89,131.18
Kepler-768,b,11.39,0.09,1.79,5108,0.78,43.20
Kepler-243,c,20.03,0.14,1.99,5228,0.84,23.45
Kepler-246,c,11.19,0.09,1.50,5206,0.83,50.31
Kepler-247,b,3.34,0.04,1.64,5100,0.77,204.02
Kepler-249,b,3.31,0.04,1.09,3568,0.48,27.35
Kepler-249,d,15.37,0.10,1.57,3568,0.48,3.56
Kepler-250,b,4.15,0.05,1.13,5160,0.81,181.13
Kepler-251,b,4.79,0.05,1.33,5526,0.89,235.92
Kepler-253,b,3.78,0.05,1.63,5208,0.79,194.68
Kepler-102,f,27.45,0.17,0.88,4909,0.76,10.92
Kepler-1144,b,17.15,0.13,1.99,5753,0.96,54.20
Kepler-1149,b,3.73,0.05,1.44,5833,1.01,471.70
Kepler-1153,b,1.76,0.03,1.73,5470,0.88,816.30
Kepler-1157,b,4.46,0.05,1.09,4679,0.71,92.63
Kepler-1166,b,33.24,0.20,1.69,5446,0.86,15.29
Kepler-1180,b,16.86,0.13,1.99,6077,1.14,90.66
Kepler-1185,b,104.35,0.43,1.33,5622,0.87,3.70
Kepler-1224,b,13.32,0.12,1.33,6155,1.22,141.85
Kepler-1229,b,86.83,0.31,1.40,3784,0.51,0.49
Kepler-1238,b,4.15,0.06,1.93,6386,1.48,1074.77
Kepler-1243,b,16.83,0.13,1.75,5667,0.94,50.84
Kepler-1251,b,45.09,0.24,1.84,5545,0.89,11.55
Kepler-1254,d,5.73,0.06,1.31,4985,0.75,93.70
Kepler-1258,b,0.98,0.02,0.86,5839,0.99,2741.11
Kepler-1263,b,4.55,0.05,1.14,5213,0.80,164.85
Kepler-770,d,4.15,0.05,1.40,5598,0.92,303.96
Kepler-771,b,8.73,0.08,1.82,5906,1.05,171.23
Kepler-772,b,12.99,0.11,1.82,5714,1.11,102.08
Kepler-773,b,3.75,0.05,1.43,5850,1.01,468.04
Kepler-775,b,0.97,0.02,1.19,5468,0.84,1615.69
Kepler-776,b,4.90,0.05,1.28,5071,0.78,128.29
Kepler-778,b,3.76,0.04,1.68,5102,0.77,185.48
Kepler-769,c,15.99,0.13,1.79,6186,1.28,124.24
Kepler-779,b,7.10,0.06,0.92,3804,0.44,11.68
Kepler-780,b,0.68,0.02,0.89,5769,1.02,4507.01
Kepler-770,c,1.48,0.02,1.20,5598,0.92,1207.94
Kepler-783,b,4.29,0.05,0.78,5521,0.89,259.32
Kepler-784,b,31.59,0.20,1.58,5674,1.32,42.35
Kepler-787,b,0.93,0.02,1.28,4248,0.62,431.45
Kepler-792,b,11.30,0.10,1.96,5971,1.12,139.03
Kepler-793,b,4.24,0.05,1.37,5745,0.97,354.37
Kepler-795,b,29.62,0.18,1.68,5631,0.96,24.68
Kepler-256,b,1.62,0.03,1.59,5551,1.30,1974.89
Kepler-260,c,76.05,0.33,1.74,5250,0.86,4.57
Kepler-262,c,21.85,0.15,1.64,5841,0.88,35.00
Kepler-265,b,6.85,0.07,1.86,5835,1.10,264.33
K2-85,b,0.68,0.01,1.01,4268,0.51,485.43
K2-86,b,8.78,0.08,1.96,5482,0.76,78.94
K2-88,b,4.61,0.03,1.23,3537,0.26,7.98
K2-89,b,1.10,0.01,0.62,3691,0.32,79.78
K2-90,c,2.90,0.04,1.30,4422,0.63,111.15
K2-91,b,1.42,0.02,1.10,3622,0.28,45.01
HD3167,b,0.96,0.02,1.70,5261,0.86,1543.18
Kepler-1385,b,2.89,0.04,0.85,5732,1.29,931.65
Kepler-804,b,14.37,0.12,1.94,5817,1.05,84.03
Kepler-806,b,8.09,0.08,1.14,5770,1.16,216.46
Kepler-808,b,0.63,0.01,1.46,4653,0.71,1226.97
Kepler-810,b,4.60,0.05,1.93,5803,1.04,368.46
Kepler-267,b,3.35,0.04,1.98,4258,0.56,67.56
Kepler-270,c,25.26,0.18,1.77,6067,1.46,79.98
Kepler-271,b,5.22,0.06,0.89,5524,0.88,206.30
Kepler-271,c,7.41,0.07,1.00,5524,0.88,128.34
Kepler-272,b,2.97,0.04,1.43,5297,0.93,423.07
Kepler-272,c,6.06,0.06,1.79,5297,0.93,164.18
Kepler-273,b,2.94,0.04,1.50,5626,0.81,430.79
Kepler-273,c,8.01,0.07,1.98,5626,0.81,110.67
Kepler-274,b,11.63,0.10,1.54,6023,1.01,118.07
Kepler-274,c,33.20,0.20,1.84,6023,1.01,28.94
K2-102,b,9.92,0.08,1.30,4695,0.71,32.06
EPIC,21182279,21.17,0.13,1.98,4148,0.57,5.03
K2-104,b,1.97,0.02,1.96,3546,0.49,64.42
Kepler-280,b,2.14,0.03,1.45,5744,0.89,755.50
Kepler-282,b,9.22,0.08,1.01,5602,0.90,106.45
Kepler-282,c,13.64,0.11,1.20,5602,0.90,63.70
Kepler-283,c,92.74,0.34,1.82,4351,0.57,0.90
Kepler-285,b,2.63,0.04,1.34,5411,0.81,389.38
Kepler-285,c,6.19,0.06,1.12,5411,0.81,123.20
Kepler-286,b,1.80,0.03,1.24,5580,0.86,882.48
Kepler-286,d,5.91,0.06,1.33,5580,0.86,172.89
Kepler-286,e,29.22,0.18,1.77,5580,0.86,20.77
Kepler-288,b,6.10,0.06,1.67,5918,1.09,309.47
Kepler-291,c,5.70,0.06,1.88,6002,1.02,286.72
Kepler-292,b,2.58,0.04,1.32,5299,0.83,397.83
Kepler-444,e,7.74,0.07,0.55,5046,0.75,67.54
Kepler-446,c,3.04,0.02,1.11,3359,0.24,10.72
Kepler-450,d,7.51,0.08,0.84,-999,1.57,0.32
Kepler-452,b,384.84,1.05,1.63,5757,1.11,1.11
Kepler-1317,b,0.57,0.01,1.56,5144,0.79,2458.42
Kepler-1330,b,10.11,0.09,1.65,5608,0.94,95.58
Kepler-1335,b,6.26,0.06,1.45,4903,0.74,76.40
Kepler-1338,b,0.94,0.02,0.92,5909,1.05,3353.74
Kepler-1343,b,3.35,0.04,1.93,5759,0.93,459.66
Kepler-1348,b,27.57,0.18,1.94,5911,1.04,36.17
Kepler-1351,b,0.92,0.02,0.65,4439,0.67,581.94
Kepler-138,b,10.31,0.07,0.52,3841,0.44,6.80
K2-47,b,31.64,0.18,1.89,5054,0.76,10.68
K2-49,b,2.77,0.03,1.93,4175,0.45,57.81
K2-50,b,8.75,0.07,1.59,4326,0.55,19.12
K2-54,b,9.78,0.07,1.15,3798,0.38,5.99
Kepler-292,c,3.72,0.05,1.47,5299,0.83,240.66
Kepler-294,b,3.70,0.05,1.77,5913,0.98,457.19
Kepler-295,c,21.53,0.14,1.17,5603,0.90,35.52
Kepler-296,b,10.86,0.08,1.61,3740,0.48,6.48
Kepler-296,f,63.34,0.25,1.80,3740,0.48,0.62
Kepler-298,c,22.93,0.14,1.93,4465,0.58,6.49
Kepler-299,b,2.93,0.04,1.32,5617,1.03,592.20
Kepler-299,e,38.29,0.22,1.87,5617,1.03,19.58
Kepler-300,b,10.45,0.09,1.67,5986,0.90,105.60
Kepler-301,c,5.42,0.06,1.35,5815,0.90,230.82
Kepler-301,d,13.75,0.11,1.75,5815,0.90,66.24
Kepler-303,b,1.94,0.02,0.89,3944,0.48,86.84
Kepler-1392,b,15.14,0.11,1.96,5479,0.85,44.33
Kepler-1400,b,9.07,0.08,1.62,5044,0.78,55.24
Kepler-1409,b,0.76,0.02,1.04,5160,0.79,1677.36
Kepler-1414,b,3.52,0.04,1.23,4951,0.75,171.82
Kepler-1418,b,22.48,0.14,1.66,4770,0.72,11.80
Kepler-1423,b,23.96,0.15,1.06,4939,0.75,13.28
Kepler-1463,b,25.16,0.17,1.86,5679,0.95,30.65
Kepler-1471,b,3.64,0.05,1.41,5660,0.93,384.34
Kepler-1480,b,22.13,0.15,1.67,5156,0.81,19.48
Kepler-1485,b,19.92,0.15,1.47,6087,1.12,69.69
Kepler-1489,b,82.29,0.36,1.77,5655,0.90,5.69
Kepler-1498,b,48.05,0.25,1.33,5256,0.81,7.42
K2-3,d,44.56,0.21,1.51,3896,0.56,1.50
Kepler-10,b,0.84,0.02,1.48,5627,1.06,3416.34
Kepler-100,b,6.89,0.07,1.32,5825,1.49,434.01
Kepler-102,d,10.31,0.09,1.18,4909,0.76,40.28
Kepler-303,c,7.06,0.06,1.14,3944,0.48,15.39
Kepler-306,b,4.65,0.05,1.52,4954,0.72,112.06
Kepler-309,b,5.92,0.06,1.56,4713,0.72,65.92
Kepler-311,b,9.18,0.09,1.70,5905,1.19,204.10
Kepler-311,c,19.74,0.14,1.43,5905,1.19,73.47
Kepler-537,b,3.25,0.04,1.41,5763,0.99,503.28
Kepler-523,b,5.84,0.06,1.96,5515,0.86,160.07
Kepler-524,b,7.97,0.08,1.91,6014,1.10,219.71
Kepler-524,c,1.89,0.03,0.96,6014,1.10,1498.96
Kepler-526,b,5.46,0.06,1.99,5894,1.14,348.20
Kepler-529,b,1.98,0.03,1.86,6087,1.14,1606.13
Kepler-106,b,6.16,0.07,0.82,5858,1.04,263.90
Kepler-107,d,7.96,0.08,1.07,5851,1.41,310.91
Kepler-114,c,8.04,0.06,1.60,4605,0.67,43.20
Kepler-124,b,3.41,0.04,0.73,4984,0.64,149.09
Kepler-125,c,5.77,0.05,0.74,3810,0.51,18.91
Kepler-127,b,14.44,0.12,1.40,6106,1.36,147.63
Kepler-128,c,22.80,0.17,1.13,6090,1.66,122.94
Kepler-131,c,25.52,0.17,0.84,5685,1.03,34.10
Kepler-132,c,6.41,0.07,1.28,6003,1.18,350.85
Kepler-134,c,10.11,0.09,1.26,5983,1.18,189.13
Kepler-136,c,16.40,0.13,1.99,6165,1.35,133.54
Kepler-138,c,13.78,0.09,1.20,3841,0.44,4.62
Kepler-140,b,3.25,0.05,1.61,6077,1.29,1005.56
Kepler-142,b,2.02,0.03,1.99,5790,1.27,1588.26
Kepler-316,c,6.83,0.06,1.16,4204,0.52,22.53
Kepler-317,c,8.78,0.08,1.72,5497,0.94,105.08
Kepler-319,b,4.36,0.05,1.63,5526,0.90,260.55
Kepler-320,c,17.93,0.14,1.37,6435,1.11,94.01
Kepler-321,b,4.92,0.06,1.77,5740,1.19,424.51
Kepler-322,c,4.34,0.05,1.67,5388,0.89,230.28
Kepler-323,b,1.68,0.03,1.43,5987,1.18,2047.31
Kepler-323,c,3.55,0.05,1.63,5987,1.18,758.55
Kepler-326,b,2.25,0.03,1.52,5105,0.80,380.86
Kepler-326,c,4.58,0.05,1.40,5105,0.80,149.94
Kepler-326,d,6.77,0.07,1.21,5105,0.80,89.53
Kepler-327,b,2.55,0.03,1.11,3799,0.49,53.35
Kepler-327,d,13.97,0.09,1.73,3799,0.49,5.54
Kepler-329,c,18.68,0.11,1.93,4257,0.52,6.24
Kepler-330,b,8.26,0.08,1.35,5117,0.72,56.69
Kepler-330,c,15.96,0.12,1.95,5117,0.72,23.70
Kepler-1428,b,10.68,0.10,1.64,6184,1.36,228.60
Kepler-1429,b,4.48,0.05,1.29,5902,1.07,425.84
Kepler-1430,b,2.46,0.03,1.18,4796,0.72,230.19
Kepler-1431,b,5.87,0.06,1.47,5806,1.03,261.68
Kepler-1433,b,4.14,0.05,1.56,6097,1.19,632.60
Kepler-1434,b,8.05,0.09,1.11,6291,2.04,731.53
Kepler-1435,b,4.45,0.06,0.86,6356,1.32,800.52
Kepler-1436,b,9.71,0.09,1.31,5972,1.09,164.45
Kepler-154,e,3.93,0.05,1.50,5690,1.00,427.43
Kepler-154,f,9.92,0.09,1.50,5690,1.00,124.49
WASP-47,e,0.79,0.02,1.82,5576,1.16,3899.54
Kepler-202,c,16.28,0.11,1.85,4668,0.67,14.98
Kepler-174,b,13.98,0.10,1.96,4880,0.62,19.56
Kepler-186,b,3.89,0.03,1.07,3755,0.52,41.00
Kepler-186,f,129.94,0.43,1.17,3755,0.52,0.26
Kepler-191,b,9.94,0.09,1.34,5282,0.79,57.58
Kepler-331,c,17.28,0.10,1.84,4347,0.49,6.98
Kepler-331,d,32.13,0.16,1.64,4347,0.49,3.04
Kepler-332,b,7.63,0.07,1.17,4955,0.72,57.22
Kepler-332,c,16.00,0.11,1.09,4955,0.72,21.57
Kepler-333,b,12.55,0.09,1.32,4259,0.53,10.96
Kepler-333,c,24.09,0.14,1.11,4259,0.53,4.55
Kepler-334,b,5.47,0.06,1.12,5828,1.07,318.48
Kepler-334,d,25.10,0.17,1.41,5828,1.07,41.99
Kepler-337,b,3.29,0.05,1.54,5684,1.76,1432.57
Kepler-338,e,9.34,0.09,1.56,5923,1.74,416.31
Kepler-339,b,4.98,0.05,1.42,5631,0.80,190.85
Kepler-339,c,6.99,0.07,1.15,5631,0.80,121.26
Kepler-341,b,5.20,0.06,1.18,6012,1.02,338.74
Kepler-341,c,8.01,0.08,1.70,6012,1.02,190.54
Kepler-1437,b,10.93,0.09,1.37,5557,0.90,78.28
Kepler-1438,b,2.32,0.03,0.94,5530,0.96,670.96
Kepler-1439,b,8.07,0.06,1.46,3578,0.43,7.35
Kepler-1440,b,39.86,0.23,1.26,5698,0.96,16.94
Kepler-1441,b,39.44,0.23,1.31,5802,1.00,19.77
Kepler-1443,b,2.42,0.04,0.97,6289,1.27,1621.33
Kepler-1445,b,10.60,0.10,0.96,6150,1.26,210.55
Kepler-1446,b,0.69,0.01,0.82,4865,0.75,1393.04
Kepler-1448,b,12.27,0.10,1.61,5774,0.93,82.32
Kepler-1449,b,13.23,0.11,1.68,5979,1.10,109.98
Kepler-1450,b,54.51,0.25,1.71,4524,0.68,2.76
Kepler-1454,b,47.03,0.25,1.88,5448,0.86,9.64
Kepler-1456,b,18.14,0.12,1.14,4231,0.62,8.15
Kepler-1457,b,51.11,0.27,1.99,5866,1.01,14.82
Kepler-1459,b,62.87,0.28,1.36,4828,0.74,3.29
Kepler-1460,b,29.96,0.17,1.96,4422,0.67,5.48
Kepler-1464,b,31.78,0.20,1.66,5828,1.01,27.02
Kepler-1464,c,5.33,0.06,1.00,5828,1.01,292.32
Kepler-339,d,10.56,0.09,1.17,5631,0.80,69.72
Kepler-383,c,31.20,0.17,1.24,4710,0.67,6.70
Kepler-430,c,110.98,0.48,1.75,5884,1.49,10.55
K2-13,b,39.91,0.21,1.89,5698,0.78,12.88
Kepler-295,b,12.65,0.10,1.22,5603,0.90,73.08
Kepler-598,b,3.70,0.04,1.50,5307,0.86,263.29
Kepler-20,e,6.10,0.06,0.87,5495,0.96,184.63
Kepler-202,b,4.07,0.05,1.63,4668,0.67,94.44
Kepler-206,b,7.78,0.08,1.20,5764,1.19,230.51
Kepler-207,c,3.07,0.04,1.50,5920,1.59,1439.04
Kepler-208,d,11.13,0.10,1.20,6092,1.31,199.90
Kepler-249,c,7.11,0.06,1.51,3568,0.48,9.96
Kepler-252,b,6.67,0.06,1.23,4208,0.55,25.30
Kepler-255,b,5.71,0.06,1.55,5573,0.93,188.60
Kepler-26,d,3.54,0.04,1.07,3914,0.51,36.01
Kepler-341,d,27.67,0.18,1.85,6012,1.02,36.82
Kepler-342,c,26.23,0.19,1.96,6175,1.47,82.36
Kepler-345,b,7.42,0.07,0.74,4504,0.62,32.58
Kepler-347,b,12.80,0.11,1.97,6088,1.00,101.86
Kepler-348,b,7.06,0.08,1.52,6177,1.36,418.27
Kepler-348,c,17.27,0.14,1.33,6177,1.36,126.86
Kepler-349,b,5.93,0.06,1.90,5956,0.93,231.13
Kepler-350,b,11.19,0.10,1.85,6186,1.53,284.35
Kepler-352,b,10.06,0.09,0.86,5212,0.78,55.75
Kepler-352,c,16.33,0.12,1.24,5212,0.78,28.93
Kepler-353,b,5.80,0.05,0.89,3903,0.50,20.01
Kepler-354,b,5.48,0.05,1.84,4648,0.67,64.47
Kepler-354,c,16.93,0.12,1.31,4648,0.67,14.21
Kepler-354,d,24.21,0.15,1.24,4648,0.67,8.82
Kepler-1465,b,31.83,0.18,1.77,4726,0.71,7.07
Kepler-1466,b,31.18,0.19,1.55,5884,1.02,29.57
Kepler-1468,b,8.24,0.08,1.73,5893,1.05,182.28
Kepler-1468,c,3.55,0.05,1.15,5893,1.05,561.13
Kepler-1470,b,16.30,0.12,1.07,4961,0.76,23.02
Kepler-1472,b,38.13,0.23,1.90,6159,1.25,37.16
Kepler-1473,b,14.43,0.12,1.19,6046,1.09,99.95
Kepler-1476,b,10.36,0.09,1.67,5663,0.96,99.64
Kepler-1477,b,11.56,0.09,1.18,5100,0.78,42.47
Kepler-1478,b,26.08,0.17,1.73,5904,1.06,40.27
Kepler-1479,b,14.53,0.12,1.83,5796,0.98,72.06
Kepler-1481,b,5.94,0.06,1.23,4908,0.75,82.42
Kepler-1482,b,12.25,0.10,1.01,5381,0.84,53.41
Kepler-1483,b,9.51,0.09,1.52,6337,1.40,316.69
Kepler-1488,b,39.82,0.23,1.86,5820,1.31,32.83
Kepler-1491,b,16.59,0.13,1.51,5728,0.99,58.42
Kepler-1492,b,16.75,0.12,1.49,4712,0.72,16.62
Kepler-1493,b,15.02,0.12,1.41,5863,1.29,119.52
Kepler-1497,b,8.74,0.08,1.66,5675,0.95,125.10
Kepler-1499,b,44.20,0.23,1.19,5097,0.78,7.02
Kepler-615,b,10.36,0.08,1.74,4655,0.69,28.61
Kepler-619,c,1.21,0.02,1.69,5980,1.11,2706.82
Kepler-601,b,5.38,0.06,1.90,5160,0.79,122.53
Kepler-603,d,6.22,0.07,1.32,5808,1.01,236.24
Kepler-605,b,3.38,0.04,1.44,5462,0.88,338.42
Kepler-605,c,2.36,0.03,0.86,5462,0.88,547.43
Kepler-607,b,0.64,0.01,0.87,5196,0.80,2233.75
Kepler-611,b,2.44,0.04,1.65,5761,1.01,797.16
Kepler-262,b,13.06,0.11,1.36,5841,0.88,69.34
Kepler-269,c,8.13,0.08,1.69,5847,0.96,147.30
Kepler-286,c,3.47,0.04,1.37,5580,0.86,364.70
Kepler-295,d,33.88,0.19,1.36,5603,0.90,19.43
Kepler-296,e,34.14,0.17,1.53,3740,0.48,1.42
Kepler-298,b,10.48,0.08,1.96,4465,0.58,18.74
Kepler-299,d,15.05,0.12,1.86,5617,1.03,68.05
Kepler-301,b,2.51,0.04,1.35,5815,0.90,641.18
Kepler-356,b,4.61,0.06,1.57,6133,1.33,691.10
Kepler-356,c,13.12,0.12,1.81,6133,1.33,169.78
Kepler-357,b,6.48,0.06,1.84,5036,0.83,100.17
Kepler-360,b,3.29,0.04,1.65,6053,1.06,699.02
Kepler-361,b,8.49,0.09,1.45,6169,1.34,315.48
Kepler-362,b,10.33,0.09,0.88,5788,0.72,68.97
Kepler-363,b,3.61,0.05,1.16,5593,1.49,846.00
Kepler-363,c,7.54,0.08,1.69,5593,1.49,312.32
Kepler-364,b,25.75,0.18,1.55,6108,1.28,64.58
Kepler-365,c,17.78,0.14,1.64,6012,1.05,68.85
Kepler-366,b,3.28,0.05,1.46,6209,1.05,726.00
Kepler-367,b,37.82,0.20,1.30,4710,0.69,5.20
Kepler-367,c,53.58,0.25,1.20,4710,0.69,3.28
Kepler-369,b,2.73,0.03,1.13,3591,0.47,36.62
Kepler-369,c,14.87,0.09,1.41,3591,0.47,3.73
Kepler-370,b,4.58,0.05,1.59,5852,0.90,292.29
Kepler-1500,b,15.03,0.12,1.20,5845,1.00,73.68
Kepler-1501,b,14.56,0.12,1.56,6229,1.30,148.47
Kepler-1505,b,30.86,0.19,0.93,5686,0.86,19.63
Kepler-1506,b,14.03,0.11,1.32,5676,0.93,64.28
Kepler-1507,b,16.05,0.12,0.84,5410,0.85,38.69
Kepler-1509,b,25.43,0.17,1.85,5780,0.99,34.25
Kepler-1511,b,23.24,0.17,1.68,6064,1.29,71.57
Kepler-1516,b,7.26,0.07,1.75,5904,1.07,225.81
Kepler-1522,b,1.85,0.03,1.73,5706,0.93,973.08
Kepler-1523,b,0.94,0.02,1.58,5708,0.96,2543.91
Kepler-1525,b,2.42,0.04,0.91,5748,1.04,815.10
Kepler-1528,b,1.79,0.03,1.46,5857,1.03,1318.03
K2-19,d,2.51,0.03,1.14,5430,0.86,487.50
Kepler-198,d,1.31,0.02,1.53,5574,0.94,1460.04
Kepler-625,b,7.75,0.08,1.99,5789,0.96,153.93
K2-147,b,0.96,0.02,1.38,3672,0.55,195.18
K2-148,b,4.38,0.05,1.33,4079,0.63,47.83
K2-148,c,6.92,0.06,1.73,4079,0.63,25.98
K2-148,d,9.76,0.08,1.64,4079,0.63,16.46
K2-149,b,11.33,0.08,1.64,3745,0.57,8.32
K2-151,b,3.84,0.04,1.35,3585,0.43,20.57
K2-155,b,6.34,0.06,1.80,4258,0.58,31.41
K2-155,d,40.72,0.19,1.90,4258,0.58,2.64
K2-169,b,6.38,0.07,1.27,5548,0.92,159.76
K2-170,b,7.58,0.07,1.42,5748,0.98,169.56
K2-170,c,12.40,0.10,1.80,5748,0.98,87.91
K2-172,b,14.32,0.11,1.67,5569,0.87,51.48
K2-173,b,5.87,0.06,1.61,5580,0.84,164.81
K2-128,b,5.68,0.06,1.42,4470,0.78,69.46
K2-129,b,8.24,0.06,1.04,3459,0.36,5.12
K2-130,b,2.49,0.03,1.25,4356,0.74,172.82
K2-116,b,4.66,0.05,0.69,4348,0.67,62.50
K2-117,b,1.29,0.02,1.96,3842,0.49,130.04
K2-176,b,5.33,0.06,1.49,5428,0.86,168.33
K2-122,b,2.22,0.03,1.28,3993,0.59,94.44
K2-126,b,7.39,0.07,1.84,4368,0.62,28.82
K2-133,b,3.07,0.03,1.31,3655,0.47,32.48
K2-133,c,4.87,0.05,1.48,3655,0.47,17.47
K2-184,b,16.99,0.12,1.54,5252,0.76,26.89
K2-185,b,10.62,0.09,1.31,5722,0.91,90.31
K2-187,b,0.77,0.02,1.38,5477,0.89,2397.37
K2-187,c,2.87,0.04,1.70,5477,0.89,417.35
K2-188,b,1.74,0.03,1.26,5982,1.11,1643.23
K2-189,b,5.18,0.06,1.51,5503,0.86,186.20
K2-190,b,10.10,0.09,1.36,5631,0.91,95.83
K2-190,c,21.57,0.15,1.09,5631,0.91,34.83
K2-191,b,2.86,0.04,1.58,5176,0.84,313.64
K2-192,b,4.16,0.05,1.58,5252,0.83,201.13
K2-199,b,3.23,0.04,1.88,4681,0.67,133.09
K2-200,b,2.85,0.04,1.36,5233,0.79,299.98
K2-201,b,1.06,0.02,1.40,5507,0.88,1586.44
K2-203,b,9.70,0.08,1.37,5000,0.76,47.86
K2-205,b,26.67,0.17,2.00,5890,1.08,42.69
K2-208,b,4.19,0.05,1.68,5582,0.86,261.23
K2-209,b,2.08,0.03,0.87,4720,0.71,269.66
K2-210,b,0.57,0.01,0.82,5396,0.85,3230.73
K2-211,b,0.67,0.01,1.38,5221,0.82,2175.41
K2-213,b,8.13,0.08,1.51,5794,1.20,222.22
TRAPPIST-1,g,12.35,0.05,1.13,2559,0.12,0.27
TRAPPIST-1,h,18.77,0.06,0.75,2559,0.12,0.16
K2-216,b,2.17,0.03,1.68,4591,0.67,210.26
K2-219,b,3.90,0.05,1.35,5753,1.19,583.80
TRAPPIST-1,e,6.10,0.03,0.92,2559,0.12,0.70
TRAPPIST-1,f,9.21,0.04,1.04,2559,0.12,0.40
K2-131,b,0.37,0.01,1.81,5200,0.81,4763.12
K2-136,b,7.98,0.07,0.99,4499,0.66,32.06
K2-136,d,25.58,0.15,1.45,4499,0.66,6.78
K2-137,b,0.18,0.01,0.89,3492,0.44,767.79
Kepler-1652,b,38.10,0.17,1.60,3638,0.38,0.83
K2-138,b,2.35,0.03,1.57,5378,0.86,485.90
K2-141,b,0.28,0.01,1.51,4599,0.68,3318.11
K2-156,b,0.81,0.01,1.14,4460,0.62,632.00
K2-157,b,0.37,0.01,1.05,5456,0.88,6414.83
K2-162,b,9.46,0.08,1.49,4885,0.73,41.94
K2-165,b,2.35,0.03,1.27,5185,0.80,391.51
K2-165,c,4.38,0.05,1.55,5185,0.80,171.03
K2-166,b,8.53,0.08,1.82,5922,1.20,227.60
Kepler-804,c,9.65,0.09,1.14,5817,1.05,142.92
EPIC,22067482,0.57,0.01,1.82,5496,0.95,4292.05
Kepler-883,b,12.98,0.11,1.78,6116,1.09,122.71
Kepler-917,b,2.97,0.04,1.91,5418,0.76,316.79
Kepler-935,b,4.88,0.05,1.35,4830,0.73,96.82
Kepler-969,c,1.68,0.03,0.99,5214,0.82,614.66
Kepler-974,b,4.19,0.04,1.57,3687,0.50,24.74
Kepler-992,b,20.16,0.13,1.62,4944,0.74,16.21
Kepler-997,b,2.71,0.04,1.36,6150,1.56,1892.63
K2-111,b,5.35,0.06,1.90,5730,1.23,379.44
Kepler-1027,b,1.91,0.03,0.89,5436,0.82,618.89
Kepler-1032,b,3.29,0.04,1.87,4647,0.71,133.93
Kepler-1049,b,3.27,0.03,0.95,3864,0.49,40.40
Kepler-1062,b,9.30,0.08,1.76,4597,0.70,31.73
Kepler-1065,c,2.37,0.03,1.60,5635,0.93,673.48
Kepler-1091,b,1.43,0.02,1.46,5851,1.03,1787.67
Kepler-1095,b,4.27,0.05,1.21,5658,0.92,305.52
K2-223,c,4.56,0.06,1.62,5859,1.01,355.47
K2-224,b,4.48,0.05,1.66,5614,0.84,238.54
K2-226,b,3.27,0.04,1.49,5397,0.82,297.39
K2-227,b,13.62,0.11,1.67,5673,0.89,61.12
K2-228,b,2.70,0.03,1.38,4764,0.70,192.34
K2-229,b,0.58,0.01,1.16,5185,0.79,2436.56
K2-219,c,6.67,0.07,1.44,5753,1.19,285.70
K2-221,b,2.40,0.04,1.68,5716,0.95,697.93
K2-223,b,0.51,0.01,0.91,5859,1.01,6682.08
K2-230,b,2.86,0.04,1.93,6002,1.18,960.62
K2-233,c,7.06,0.07,1.34,4950,0.74,65.97
K2-233,b,2.47,0.03,1.40,4950,0.74,268.10
Kepler-1508,b,20.71,0.15,1.33,6158,1.22,80.79
Kepler-1512,b,20.36,0.13,1.18,4372,0.67,8.52
Kepler-1553,b,4.24,0.05,1.15,5288,0.81,194.96
Kepler-1558,b,3.50,0.04,0.68,5101,0.79,210.49
Kepler-1572,b,5.50,0.06,0.94,5618,0.95,221.58
Kepler-1576,b,6.98,0.07,1.04,5876,1.06,227.45
Kepler-1581,b,6.28,0.07,0.80,6022,1.23,372.62
Kepler-1586,b,15.60,0.14,1.52,6681,1.75,286.06
Kepler-1590,b,7.62,0.08,1.14,6053,1.16,263.29
Kepler-1595,b,4.56,0.05,1.23,5203,0.80,163.00
Kepler-1599,b,122.36,0.48,1.62,5767,0.99,4.21
Kepler-1646,b,4.49,0.03,1.23,3299,0.26,6.56
Kepler-409,b,68.96,0.32,1.19,5460,0.89,6.16
Kepler-777,b,5.73,0.05,1.47,4043,0.56,27.53
Kepler-796,b,6.40,0.07,1.30,5475,1.09,220.81
Kepler-542,b,13.14,0.11,1.57,5526,0.90,59.85
Kepler-617,b,1.68,0.02,1.32,3712,0.48,80.19
Kepler-710,b,4.35,0.05,1.88,5611,0.91,282.36
Kepler-1649,b,8.69,0.05,1.08,3240,0.25,2.34
Kepler-1650,b,1.54,0.02,0.96,3410,0.33,40.67
Kepler-1651,b,9.88,0.07,1.84,3713,0.50,8.12
GJ9827,b,1.21,0.02,1.75,4255,0.65,310.64
GJ9827,c,3.65,0.04,1.36,4255,0.65,70.44
Kepler-80,g,14.65,0.11,1.13,4540,0.68,15.84
KOI-351,i,14.45,0.12,1.32,6080,1.20,115.97
